bids_name	aor	aqi	dummy_trs	dvars_nstd	dvars_std	dvars_vstd	efc	fber	fd_mean	fd_num	fd_perc	fwhm_avg	fwhm_x	fwhm_y	fwhm_z	gcor	gsr_x	gsr_y	size_t	size_x	size_y	size_z	snr	spacing_tr	spacing_x	spacing_y	spacing_z	summary_bg_k	summary_bg_mad	summary_bg_mean	summary_bg_median	summary_bg_n	summary_bg_p05	summary_bg_p95	summary_bg_stdv	summary_fg_k	summary_fg_mad	summary_fg_mean	summary_fg_median	summary_fg_n	summary_fg_p05	summary_fg_p95	summary_fg_stdv	tsnr
sub-02_task-main_run-01_bold	0.004977936507936508	0.0013498336444444444	0	7.837400058503184	1.4018755001910834	1.160105802356688	0.46508666948115746	-1.0	0.023960388811339814	0	0.0	3.184094159490813	3.1328510389748936	3.5802314394975445	2.8392	0.196122	-0.0020487746223807335	0.012388847768306732	315	80	80	40	6.158598395410055	2.5	2.549999952316284	2.549999952316284	3.0	33.543861659506405	0.03422694414354011	52.891395568847656	0.02311968244612217	156753.0	1.979321059479844e-05	5.39523706436154	254.0593719482422	3.208348810590528	1386.7600930600972	10564.77734375	10309.353515625	52137.0	8386.57734375	13491.087890625	1673.961181640625	224.35971069335938
sub-02_task-main_run-02_bold	0.0042763809523809525	0.000609327907936508	0	7.419833585605089	1.3324256844585982	1.0425272872929936	0.46239891980536624	-1.0	0.021399699415014132	0	0.0	3.1099044203521164	3.075505939863353	3.54507065452633	2.7091366666666663	0.217701	-0.002476705005392432	0.011842917650938034	315	80	80	40	6.064524603739067	2.5	2.549999952316284	2.549999952316284	3.0	35.586642117770424	0.01492291815439762	51.383087158203125	0.010065355338156223	156819.0	0.0	2.4056439876556652	247.2633056640625	3.7101278398251	1385.639454273844	10449.7451171875	10189.1279296875	51553.0	8308.0158203125	13364.477929687491	1680.103515625	212.86245727539062
sub-03_task-main_run-01_bold	0.005674594594594595	0.0005182792804054055	0	6.39303593376271	1.297665081084745	1.0842319828135596	0.45906934953374423	-1.0	0.030208762234645366	1	0.33783783783783783	3.3195550765513246	3.245588295984984	3.7928236003356557	2.920253333333333	0.227539	-0.008519142866134644	0.01647263765335083	296	80	80	40	6.49608045268177	2.5	2.549999952316284	2.549999952316284	3.0	36.04294679007844	0.007211786617295051	51.260704040527344	0.004864276386797428	158046.0	0.0	5.733057260513306	248.98611450195312	2.350980386964756	1494.057637209524	10415.9453125	10329.310546875	50768.0	7977.153002929687	12969.132763671874	1590.06787109375	213.0897216796875
sub-03_task-main_run-02_bold	0.00459878125	0.002435292603125	0	12.18994469921631	1.722739129529781	1.0502190831974922	0.46129483648867925	80004685824.0	0.044828764033328514	1	0.3125	3.3521172339391714	3.283329473161314	3.839325561989533	2.9336966666666666	0.379008	-0.008467016741633415	0.016885964199900627	320	80	80	40	6.5077057196541865	2.5	2.549999952316284	2.549999952316284	3.0	34.865127713388354	0.04928770934598307	51.95747756958008	0.0332440547645092	157911.0	0.0	8.476144313812256	251.2180633544922	2.2716892779783624	1496.2279699493092	10399.1083984375	10308.8154296875	51359.0	7968.587109375	12954.887988281249	1584.0782470703125	153.21484375
sub-04_task-main_run-01_bold	0.007338599348534203	0.0014329675081433224	0	6.780736028104573	1.7157661824836605	1.144578812091503	0.4527042282298847	-1.0	0.022823818738489488	0	0.0	3.851334037933072	3.793149090537821	4.389686356594728	3.371166666666667	0.213069	-0.008534247055649757	0.0188464168459177	307	80	80	40	6.523959883167614	2.5	2.549999952316284	2.549999952316284	3.0	35.498014912192076	0.03826209767594685	54.83219909667969	0.025862503796815872	160215.0	1.8626991914061366e-05	366.4025085449107	261.979248046875	1.4028666966077985	1434.8599657183822	10443.501953125	10334.775390625	49402.0	8025.8529052734375	13141.311083984372	1584.110107421875	285.28741455078125
sub-04_task-main_run-02_bold	0.007928469055374593	0.0014812835309446254	0	5.974623757745101	1.5080253691176477	1.1538448338235283	0.4450215225538547	-1.0	0.022657491003894685	0	0.0	3.8207137755222025	3.751525560347717	4.275215766218891	3.4354	0.206168	-0.007305239327251911	0.015552130527794361	307	80	80	40	6.750874555724713	2.5	2.549999952316284	2.549999952316284	3.0	39.890951987523295	0.01895826692437147	50.58963394165039	0.012804512865841389	162369.0	1.1379158968338746e-05	8.236742210388224	253.58287048339844	1.2816034967097538	1397.4329468234898	10439.9482421875	10337.2978515625	47984.0	8077.0908203125	13032.233837890622	1531.2371826171875	273.8650817871094
sub-05_task-main_run-01_bold	0.007415276872964169	0.001430027918566775	0	6.7465527220915025	1.7120216358823528	1.1470683281045746	0.45129423006146596	-1.0	0.022924978268757883	0	0.0	3.8407928613659306	3.7966000709945096	4.3707451797699495	3.355033333333333	0.213403	-0.008501403033733368	0.01819702796638012	307	80	80	40	6.523737832390057	2.5	2.549999952316284	2.549999952316284	3.0	36.079233285767415	0.038630665315895985	54.09487533569336	0.026110023260116577	160548.0	1.8997887582372642e-05	8.278035688400198	260.15130615234375	1.347781093093257	1434.4002721594218	10441.6015625	10335.513671875	49114.0	8019.932153320313	13132.572509765625	1584.277099609375	285.5390930175781
sub-05_task-main_run-02_bold	0.004799185667752443	0.005108405830618893	0	14.456041166274503	1.8960985959803929	1.0585867001960787	0.4243315266209755	18204049408.0	0.06246731856973318	4	1.3029315960912051	3.4830474973365426	3.3947412399505397	4.042274585392421	3.0121266666666666	0.3352	-0.008787407539784908	0.018885953351855278	307	80	80	40	7.326299444962648	2.5	2.549999952316284	2.549999952316284	3.0	38.46476149244133	0.1075351317059831	44.911293029785156	0.07280728965997696	167686.0	6.488734834420029e-05	4.984349966049194	231.20240783691406	2.3750928541027854	1239.3816141305037	10230.5732421875	10228.642578125	43354.0	7946.533618164062	12404.55859375	1396.137939453125	162.01861572265625
sub-06_task-main_run-01_bold	0.012391889250814333	0.001236252332247557	0	7.4672671020588215	1.3398848657843132	1.1367011028758165	0.43820731282294373	29526421504.0	0.03550746040985603	0	0.0	3.712754690105239	3.687231441498391	4.267372628817327	3.1836599999999997	0.411631	-0.006715703289955854	0.01728944480419159	307	80	80	40	6.712028320476026	2.5	2.549999952316284	2.549999952316284	3.0	35.76744115531045	0.08428887629130283	50.817962646484375	0.05701858922839165	164025.0	4.006484159617685e-05	6.378489494323705	251.92820739746094	1.549318074954936	1427.638795244948	10416.63671875	10351.34765625	46218.0	7980.1060546875	12948.856835937502	1542.19189453125	166.64971923828125
sub-06_task-main_run-02_bold	0.005429315960912052	0.0014186625570032575	0	10.21261503653595	1.5970606687908508	1.0685766130718952	0.4388566892637509	94757109760.0	0.04707833125496475	0	0.0	3.755046324392117	3.724686344159563	4.278039295683455	3.2624133333333334	0.444164	-0.007444233167916536	0.017710063606500626	307	80	80	40	6.698380500174213	2.5	2.549999952316284	2.549999952316284	3.0	35.3435015345551	0.0436351153816049	52.55942153930664	0.029431438073515892	163882.0	0.0	8.092341136932365	255.369384765625	1.7201624065476224	1424.9906707745897	10378.720703125	10320.6923828125	46103.0	7950.749169921875	12910.16455078125	1540.757568359375	151.3890380859375
sub-07_task-main_run-01_bold	0.010108534201954397	0.0020432092605863193	0	8.494087097973855	1.6477530346732026	1.233059499901961	0.4225600490793072	65222545408.0	0.03552435603729469	0	0.0	3.564943577236791	3.4805922219480667	4.192078509762306	3.02216	0.397713	-0.008140884339809418	0.015367178246378899	307	80	80	40	6.50640306639314	2.5	2.549999952316284	2.549999952316284	3.0	43.25837424965391	0.05665487394519126	43.768218994140625	0.038309477269649506	167993.0	3.2479759101988745e-05	2.662885522842399	231.84544372558594	6.4364038962236165	1319.870698633593	10334.6416015625	10259.478515625	43361.0	8022.09521484375	12573.5595703125	1576.809814453125	181.6800537109375
sub-07_task-main_run-02_bold	0.008140293159609121	0.0035570696742671013	0	11.07070954888889	1.7896129877777773	1.102285973366013	0.421684772247671	73808281600.0	0.036404940018911223	0	0.0	3.4313705691694647	3.3572628078771625	4.0697255662978975	2.8671233333333332	0.439311	-0.007242213468998671	0.01606491580605507	307	80	80	40	6.241962066110347	2.5	2.549999952316284	2.549999952316284	3.0	47.67248332099966	0.05309994126341282	40.80292510986328	0.03590771555900574	167760.0	3.0492422865791013e-05	2.51511741876602	219.45120239257812	8.20947304916111	1325.2176224548246	10320.8740234375	10239.5634765625	43501.0	7984.10791015625	12573.0595703125	1640.4210205078125	159.91229248046875
sub-08_task-main_run-01_bold	0.007260488599348535	0.0018326464788273617	0	7.1884697152941195	1.416281349117647	1.156307018986928	0.4773163276722176	19271530496.0	0.03680682525741876	2	0.6514657980456026	3.475004228835923	3.3882314359072407	3.96427458393386	3.072506666666667	0.337915	-0.004576182924211025	0.023538947105407715	307	80	80	40	6.123166771873877	2.5	2.549999952316284	2.549999952316284	3.0	32.976517760627054	0.10093772290969605	61.45820236206055	0.0684916153550148	154094.0	0.00010757138697954363	478.242269897466	289.6297302246094	5.745820593609723	1252.798150710369	10501.3203125	10385.998046875	54580.0	7989.792431640625	13123.782958984373	1696.165283203125	184.3546142578125
sub-08_task-main_run-02_bold	0.007038306188925081	0.004273810736156352	0	11.777389590130719	1.9202254081372547	1.0804650179411763	0.47628036320408595	34740453376.0	0.04031466614266702	2	0.6514657980456026	3.4574193917733123	3.3578628078883828	3.920635367431554	3.09376	0.335017	-0.003992435988038778	0.023863567039370537	307	80	80	40	6.085835842030828	2.5	2.549999952316284	2.549999952316284	3.0	32.6750699068266	0.07483504026594023	62.366859436035156	0.05056881532073021	154425.0	1.2403240725689106e-05	490.96768798827645	294.2477722167969	5.85461203716431	1241.0654680173416	10391.6171875	10289.11328125	54287.0	7886.310644531251	12989.47431640625	1690.6500244140625	169.39547729492188
sub-10_task-main_run-01_bold	0.0024940065146579803	0.0011147178501628664	0	7.945943491143787	1.4587961069281044	1.0371827917320253	0.44484680816924943	72523513856.0	0.02801522126737612	0	0.0	3.644426650983295	3.5794863414443956	4.3901569448388225	2.9636366666666665	0.221469	-0.007161696441471577	0.017402272671461105	307	80	80	40	5.221404570452906	2.5	2.549999952316284	2.549999952316284	3.0	46.80055577870314	0.05295936498053075	59.270408630371094	0.03577902168035507	161610.0	1.8332018225919455e-05	494.6607574462815	281.1186218261719	7.585953863210486	1483.6055811398055	10539.3046875	10386.5068359375	47979.0	7833.7861328125	13381.26826171875	1989.1962890625	222.66580200195312
sub-10_task-main_run-02_bold	0.0029708469055374593	0.00035952103908794785	0	6.43073189503268	1.2827515253594761	1.0427156801960789	0.4462554501603648	-1.0	0.025443127360276777	0	0.0	3.630086389550202	3.565945164720594	4.404470670596678	2.919843333333333	0.240399	-0.006899646949023008	0.017913367599248886	307	80	80	40	5.234828447821463	2.5	2.549999952316284	2.549999952316284	3.0	47.87983550684401	0.0015949919871094563	57.41242599487305	0.0010758057469502091	160855.0	0.0	464.11029663085907	273.03314208984375	7.398701404884299	1483.8553359080597	10557.103515625	10395.052734375	48212.0	7865.468334960938	13430.361523437494	1985.7279052734375	224.89089965820312
sub-11_task-main_run-01_bold	0.002843485342019544	0.002550433410423453	0	9.627234705065362	1.7179814326470568	1.0273956031045755	0.49115115731962217	-1.0	0.02971303162587422	0	0.0	3.3798110914975203	3.3512275136466587	3.9878824275125697	2.800323333333333	0.280863	-0.0029457469936460257	0.014456875622272491	307	80	80	40	6.828806921459383	2.5	2.549999952316284	2.549999952316284	3.0	29.250416531421436	0.00017185922023951514	59.665733337402344	0.00011591728252824396	149916.0	0.0	568.0523986816406	268.10931396484375	8.88818521879158	1179.9573535307718	10506.0439453125	10352.482421875	57310.0	8485.427099609375	12755.835791015625	1515.9884033203125	227.0146484375
sub-11_task-main_run-02_bold	0.005022671009771987	0.002534432879478827	0	9.420596130522886	1.7197423124183013	1.0694731516993459	0.47242021762343767	-1.0	0.03293463531226739	1	0.3257328990228013	3.4143036402955453	3.423784377748534	3.879776543138103	2.9393499999999997	0.300547	0.00014321127673611045	0.008260751143097878	307	80	80	40	6.918321045689575	2.5	2.549999952316284	2.549999952316284	3.0	29.930841665453535	0.019100256792502893	55.51601028442383	0.012882927432656288	155363.0	0.0	488.0496307373035	256.0166015625	8.466014059107176	1182.8313431828556	10352.0322265625	10230.193359375	53275.0	8352.75712890625	12572.284277343748	1478.696533203125	221.0745849609375
sub-12_task-main_run-01_bold	0.005531726384364821	0.0017147704332247558	0	8.05691809833334	1.6333036611764722	1.117698893006536	0.43318515578079037	59849314304.0	0.033355425730531255	0	0.0	3.5418229876006233	3.4306706523871076	4.017254977081429	3.177543333333333	0.305905	-0.00778605230152607	0.016321493312716484	307	80	80	40	7.02733147229665	2.5	2.549999952316284	2.549999952316284	3.0	37.8951238475101	0.058841851882708546	46.71100616455078	0.039776936173439026	165372.0	3.131271841994021e-05	3.4164394021033924	238.7926483154297	1.361544029119039	1352.8093709685563	10310.916015625	10251.279296875	45630.0	8052.96259765625	12742.790478515622	1458.7567138671875	202.3093719482422
sub-12_task-main_run-02_bold	0.0022114332247557002	0.000835467345276873	0	7.55886500493464	1.3446385307189541	1.023708022745098	0.4324118247344494	-1.0	0.04323564195743468	0	0.0	3.5245606999797165	3.4470863389685826	3.9945490943038995	3.132046666666667	0.358949	-0.008183516561985016	0.01618925854563713	307	80	80	40	7.145284128771806	2.5	2.549999952316284	2.549999952316284	3.0	38.21369119554229	0.005457919734305728	47.045963287353516	0.0036813109181821346	165392.0	0.0	5.026106500625608	240.06546020507812	1.1178535189359895	1328.3102380199887	10290.01953125	10229.2021484375	45263.0	8037.541259765625	12678.873828125	1431.5860595703125	183.96820068359375
sub-13_task-main_run-01_bold	0.003255114006514658	0.0006977539218241042	0	6.888755409901962	1.3588999601960787	1.0399482244444451	0.3897073901141575	-1.0	0.03160784012939763	0	0.0	3.9000895943492195	3.9022745827744907	4.418627533606502	3.3793666666666664	0.26254	-0.005575478542596102	0.013929331675171852	307	80	80	40	7.745097158683133	2.5	2.549999952316284	2.549999952316284	3.0	42.42889467509303	0.0008647420952997139	48.09227752685547	0.0005832596798427403	176021.0	0.0	3.260577917098999	253.69642639160156	1.1179649744871751	1251.2489472203292	10367.73828125	10427.83203125	36188.0	8072.497241210937	12442.386474609375	1346.35986328125	220.60867309570312
sub-13_task-main_run-02_bold	0.005211758957654723	0.0005163798892508143	0	5.820475818856208	1.1753649575163394	1.0841878211437912	0.3851039043795356	-1.0	0.036982137594228276	2	0.6514657980456026	3.8864784827706216	3.8723334057440177	4.373568709234513	3.4135333333333335	0.184407	-0.004545510280877352	0.015649665147066116	307	80	80	40	7.872991653076869	2.5	2.549999952316284	2.549999952316284	3.0	51.4198651294379	0.020516764033173825	45.402671813964844	0.013838347047567368	176921.0	0.0	4.652801990509033	249.1998748779297	1.2865897374150084	1224.1661192923443	10288.4208984375	10325.1337890625	35506.0	8134.150146484375	12333.068359375	1311.444091796875	215.2884063720703
sub-14_task-main_run-01_bold	0.009512084690553747	0.0009647408110749186	0	8.704727629444442	1.2850113295424836	1.0432238369934645	0.4633849382008086	38763679744.0	0.05454278326685197	11	3.583061889250814	3.8821558039219592	3.7573765408492843	4.631294204249928	3.2577966666666662	0.218466	-0.010468784719705582	0.019968820735812187	307	80	80	40	5.90244648540188	2.5	2.549999952316284	2.549999952316284	3.0	32.31782688429463	0.06235026685371554	58.91061019897461	0.042054615914821625	157557.0	0.0	9.903181838989079	281.99627685546875	3.0177362607813842	1588.6213078123135	10406.0380859375	10262.880859375	51303.0	7900.561767578125	13109.933496093749	1738.7333984375	152.5524444580078
sub-14_task-main_run-02_bold	0.018151563517915307	0.004692180306188925	0	15.798005298562105	1.4343958878104575	1.0980058982679743	0.4632006530792334	20658726912.0	0.11664181562401159	52	16.938110749185668	3.862171424132791	3.701576539805852	4.574117732592521	3.31082	0.414056	-0.009199293330311775	0.01912374421954155	307	80	80	40	5.9941636655093005	2.5	2.549999952316284	2.549999952316284	3.0	34.09510140350031	0.09281770587650852	54.081153869628906	0.06260459125041962	157575.0	0.0	6.489978981018034	267.0818176269531	3.68134871470431	1525.9393763223106	10333.111328125	10187.326171875	51618.0	7919.0986328125	12927.757666015623	1699.5244140625	84.15991973876953
sub-15_task-main_run-01_bold	0.0008361889250814332	0.000600131996742671	0	6.4177481486274495	1.2131570303267973	0.9944776607189539	0.47980130946718397	-1.0	0.028351853976983463	0	0.0	3.3824499795777605	3.407462808815878	3.8019137965840692	2.9379733333333333	0.269193	-0.0018399057444185019	0.01583905518054962	307	80	80	40	7.626651777578251	2.5	2.549999952316284	2.549999952316284	3.0	31.83431247951463	0.01732359701374999	64.90027618408203	0.011684589087963104	153130.0	0.0	626.00739135742	288.679931640625	2.055925225397311	1123.708960085622	10248.6435546875	10188.953125	53362.0	8162.062939453125	12502.242041015623	1335.9542236328125	219.01019287109375
sub-15_task-main_run-02_bold	0.003881009771986971	0.001736689716612378	0	7.359446762450976	1.4265575004901954	1.201885708104575	0.481140902659593	56352043008.0	0.028848768770599012	0	0.0	3.4043886070726175	3.4290706523571886	3.7873451688606634	2.99675	0.246161	-0.0012913831742480397	0.014927701093256474	307	80	80	40	7.684309159956362	2.5	2.549999952316284	2.549999952316284	3.0	29.064599422489472	0.05872136582190808	63.78544235229492	0.03964782506227493	153200.0	3.924460997950519e-06	625.5250793457027	283.9607849121094	1.989568977433862	1123.8544693853876	10225.634765625	10172.259765625	53797.0	8146.07314453125	12426.8662109375	1323.7579345703125	216.4759063720703
sub-16_task-main_run-01_bold	0.007576970684039088	0.0014200126254071662	0	7.435664467450976	1.4791504356209146	1.2507789050653604	0.4473100523794379	-1.0	0.025331282883089397	0	0.0	3.320402919432335	3.2874628065719382	3.7098392850584005	2.9639066666666665	0.263335	-0.009270048700273037	0.01392266433686018	307	80	80	40	5.660843784673508	2.5	2.549999952316284	2.549999952316284	3.0	41.3954279869992	0.03520080006666443	43.16223907470703	0.023775529116392136	160942.0	6.270906442296109e-06	2.4391343593597394	223.54852294921875	3.884446922874016	1388.1232473459595	10599.3798828125	10301.5009765625	49624.0	8314.286865234375	13918.390039062499	1819.7635498046875	232.72666931152344
sub-16_task-main_run-02_bold	0.005760130293159609	0.002694290413680782	0	11.126513516862747	1.6969110833006533	1.0880387876797388	0.4473791399260671	-1.0	0.032000999478085095	0	0.0	3.2912454031715903	3.3048275127790023	3.7051686967357695	2.86374	0.326359	-0.009389730170369148	0.013985727913677692	307	80	80	40	5.671892536309613	2.5	2.549999952316284	2.549999952316284	3.0	43.22340476772981	0.021861038481824278	41.85347366333008	0.014745046384632587	160890.0	0.0	5.559860920906006	219.24281311035156	4.0196558529151964	1362.859647628475	10507.001953125	10210.638671875	49638.0	8252.057177734376	13746.339941406248	1800.1990966796875	174.43722534179688
sub-18_task-main_run-01_bold	0.004647198697068403	0.0011866367361563518	0	6.82827258964053	1.3685904077777775	1.2290107839542472	0.44521936944846424	93754228736.0	0.023543256675727847	0	0.0	3.441004163423525	3.317113787518554	4.026902036085353	2.9789966666666667	0.185102	-0.008744627237319946	0.016187826171517372	307	80	80	40	5.875748471228713	2.5	2.549999952316284	2.549999952316284	3.0	40.13903327277163	0.046259998962780796	48.18741226196289	0.031263165175914764	161860.0	1.691019051577314e-05	2.199969995021813	244.5926971435547	5.567092609617118	1401.937219774438	10438.630859375	10241.0693359375	48652.0	8076.716357421875	13186.373291015618	1742.9207763671875	233.89239501953125
sub-18_task-main_run-02_bold	0.0034100977198697068	0.0027892993061889248	0	10.534367569934643	1.8596780490522888	1.0896029388235293	0.44668070861479864	56648531968.0	0.029295008023424253	0	0.0	3.482273444921022	3.35935300399468	4.057137330768386	3.0303299999999997	0.19313	-0.009131266735494137	0.015990227460861206	307	80	80	40	6.001987838829801	2.5	2.549999952316284	2.549999952316284	3.0	45.63796093547693	0.05985701242140812	48.14573287963867	0.04048650711774826	161640.0	2.855352022379521e-05	2.711561882495862	246.96206665039062	5.126413312110342	1379.7372785475372	10380.3076171875	10185.515625	48892.0	8066.002270507813	13080.555566406249	1697.00634765625	217.02255249023438
sub-19_task-main_run-01_bold	0.00929097719869707	0.0024378818925081436	0	9.608601172777771	1.9179862449673197	1.2806927467973859	0.4371521293850263	70142468096.0	0.03423545338501572	0	0.0	3.420578019492148	3.362451043268298	3.9590196818748113	2.9402633333333337	0.246124	-0.005367578472942114	0.014973524026572704	307	80	80	40	5.384189932422602	2.5	2.549999952316284	2.549999952316284	3.0	41.84053336260896	0.05379636837924498	47.14088439941406	0.03630683571100235	163537.0	3.9460635889554395e-06	3.199619579315182	242.23422241210938	3.2588001863774148	1520.04299201092	10693.931640625	10367.185546875	47742.0	8201.32177734375	14265.921191406245	1925.4664306640625	220.2598114013672
sub-19_task-main_run-02_bold	0.002435490196078431	0.00393027572875817	1	10.733531109049181	1.6979457044590167	1.0609623547540994	0.4370901327082979	-1.0	0.030598712191875748	0	0.0	3.5309350143760176	3.474000064962052	4.075254978166	3.0435499999999998	0.244187	-0.005757139530032873	0.015081415884196758	306	80	80	40	5.256665804844447	2.5	2.549999952316284	2.549999952316284	3.0	40.0496069853059	0.0337133491277993	46.73997497558594	0.022773168981075287	163492.0	1.4874074349791044e-05	6.994963526725706	239.1767578125	3.427220142402658	1537.2919974114732	10611.5322265625	10273.94140625	47720.0	8091.072705078125	14218.359277343749	1954.439208984375	202.7777557373047
sub-20_task-main_run-01_bold	0.010498664495114007	0.00238648161237785	0	8.758515878627453	1.5960881750326807	1.1033080299019602	0.4277972183459393	37958537216.0	0.05408984106288902	4	1.3029315960912051	3.4677223337542276	3.464694182435095	3.9428628188275883	2.9956099999999997	0.348243	-0.006297547370195389	0.014364080503582954	307	80	80	40	8.281316622917043	2.5	2.549999952316284	2.549999952316284	3.0	38.3864092286795	0.07255697176376757	52.913692474365234	0.04893893375992775	167169.0	0.0	5.562357807159433	263.48699951171875	1.0177345857359095	1175.0389944133271	10417.4130859375	10367.41796875	43426.0	8480.29052734375	12477.907470703125	1251.89013671875	187.14358520507812
sub-20_task-main_run-02_bold	0.008273203463203463	0.001326121896103896	0	7.970851835217389	1.3262174606521735	1.0602742377826082	0.4272754000675009	41527406592.0	0.06334290192931975	5	2.1645021645021645	3.42438076470231	3.435513789732574	3.9039451710410242	2.933683333333333	0.364046	-0.006501995027065277	0.014166714623570442	231	80	80	40	8.459604351507767	2.5	2.549999952316284	2.549999952316284	3.0	39.40882613498258	0.0694139226363921	52.06215286254883	0.04688168317079544	167172.0	1.120768929467886e-05	8.436885929107653	260.65966796875	1.1416766239410983	1129.949933584517	10358.759765625	10307.5244140625	43233.0	8473.73359375	12363.887304687501	1218.4263916015625	154.14187622070312
sub-21_task-main_run-01_bold	0.004477328990228013	0.0029410337198697064	0	10.811320799150323	1.9053213544117664	1.0628812260130718	0.47672623555353205	-1.0	0.02733711293717737	0	0.0	3.121527949809616	3.0465098608897687	3.581403988539079	2.73667	0.19153	-0.006328554358333349	0.014608126133680344	307	80	80	40	5.849144761784388	2.5	2.549999952316284	2.549999952316284	3.0	34.71625764756341	0.03547956052118534	56.507259368896484	0.02393059991300106	153620.0	0.0	4.538252115249545	274.3639221191406	8.419037104926202	1203.656547294062	10505.8076171875	10240.6396484375	54586.0	8433.4951171875	13221.00341796875	1750.776611328125	219.51316833496094
sub-21_task-main_run-02_bold	0.019794788273615634	0.004018183986970684	0	9.280268561535944	1.519797905130719	1.140558578921569	0.4972140835723537	12505549824.0	0.0329980780941379	1	0.3257328990228013	3.2545748145011477	3.12781966633179	3.8123647771716542	2.82354	0.323411	-0.009215014986693859	0.022579900920391083	307	80	80	40	5.879701450845338	2.5	2.549999952316284	2.549999952316284	3.0	33.20182644634203	0.12268798865251218	59.59712600708008	0.0842306911945343	148188.0	7.853185816202313e-05	450.85169067382657	281.69000244140625	8.203529606549427	1206.664463416079	10462.53125	10201.5849609375	59183.0	8394.509765625	13162.238476562496	1735.036865234375	142.343505859375
sub-22_task-main_run-01_bold	0.0047149837133550485	0.0014105565765472313	0	9.952327576993456	1.7811329264379085	1.2497580856862736	0.5097056777225913	68900839424.0	0.0251174042242049	0	0.0	3.109092197959521	2.999792212957349	3.5934510475878816	2.734033333333333	0.147608	-0.010242171585559845	0.02470775507390499	307	80	80	40	6.207983569584368	2.5	2.549999952316284	2.549999952316284	3.0	31.13370481799513	0.05061051955530566	62.589439392089844	0.03413627669215202	144722.0	0.0	591.581451416014	283.5036926269531	4.9149212474149975	1330.6007426192816	10616.5654296875	10345.7392578125	62243.0	8547.48544921875	13353.972265625	1666.50830078125	264.8651428222656
sub-22_task-main_run-02_bold	0.003127557003257329	0.0020753752736156353	0	13.345239379183006	2.2264664797712417	1.1570721090849678	0.5078885551276818	-1.0	0.023434746880034055	0	0.0	3.0690031125683213	2.9633137809026713	3.5619255568022927	2.68177	0.149665	-0.010242585092782974	0.023953882977366447	307	80	80	40	6.188466275272559	2.5	2.549999952316284	2.549999952316284	3.0	31.287903333141244	0.010177476194442397	59.105262756347656	0.006864603608846664	144932.0	0.0	528.2148376464809	272.8910827636719	4.9402918285330495	1318.8861580978667	10537.986328125	10267.30078125	61842.0	8474.55751953125	13266.063720703123	1659.0892333984375	255.89463806152344
sub-23_task-main_run-01_bold	0.01107814332247557	0.0027946681400651467	0	9.374844432516333	1.5138456364705875	1.1360993810457518	0.47919316081640123	-1.0	0.0536324822921376	5	1.6286644951140066	3.702676519764563	3.6594235978411436	4.230039294785879	3.2185666666666664	0.345409	-0.008181304670870304	0.02120581455528736	307	80	80	40	7.850713789545767	2.5	2.549999952316284	2.549999952316284	3.0	30.71463325770941	0.031417043481651113	58.87998962402344	0.021190473809838295	153639.0	0.0	523.1919311523438	271.83197021484375	2.738129939065793	1127.6543614971727	10285.2861328125	10248.9609375	54154.0	8241.296630859375	12364.722705078124	1305.4693603515625	155.505126953125
sub-23_task-main_run-02_bold	0.007642345276872965	0.0035157400130293153	0	10.959830419640527	1.5048751239215692	1.036374937091503	0.4794309955675006	8697209856.0	0.0679744689585238	5	1.6286644951140066	3.7103271732727054	3.6702314411804995	4.20533341197095	3.2554166666666666	0.468462	-0.0075314836576581	0.02132955752313137	307	80	80	40	7.922394551188742	2.5	2.549999952316284	2.549999952316284	3.0	30.230261806594925	0.15034032710036277	59.09226608276367	0.10216528922319412	153750.0	0.00012491222223616206	491.42452850341505	274.5713806152344	3.012217887696095	1116.22138452605	10316.2109375	10266.7548828125	54277.0	8320.49453125	12382.3625	1295.9036865234375	128.78465270996094
sub-24_task-main_run-01_bold	0.008418045602605864	0.0010200589869706841	0	5.909144827581703	1.3004624865686267	1.1397674472222217	0.4627614453725356	21499867136.0	0.04719183865037818	1	0.3257328990228013	4.092637963367166	4.034117722494794	4.7688628342733725	3.474933333333333	0.519634	-0.007742071058601141	0.01818948984146118	307	80	80	40	8.267616134359733	2.5	2.549999952316284	2.549999952316284	3.0	28.989750644443088	0.09567284370431828	59.152835845947266	0.06486741453409195	158289.0	7.385246426565573e-05	532.1182250976572	272.15679931640625	0.5582544030895096	1202.0921413398673	10168.935546875	10179.203125	50686.0	8110.8736572265625	12155.88427734375	1231.20166015625	160.02447509765625
sub-24_task-main_run-02_bold	0.011304918566775244	0.0023981909153094464	0	8.646796739117645	1.7278499601307202	1.123092889248366	0.4643262802410835	42560245760.0	0.0456367027764364	0	0.0	4.072360839164849	4.0015687022783	4.798313815216248	3.4172	0.461595	-0.007501452229917049	0.01885874569416046	307	80	80	40	8.163247590429439	2.5	2.549999952316284	2.549999952316284	3.0	29.83169859479873	0.06424412039107721	57.32973098754883	0.04340662807226181	157634.0	2.9024567356827902e-05	487.92602386474715	264.37078857421875	0.5048399087546658	1236.7682381496418	10165.611328125	10177.4599609375	51177.0	8114.4001953125	12187.586328124999	1246.7293701171875	169.56527709960938
sub-25_task-main_run-01_bold	0.0031522801302931594	0.0008923766677524431	0	7.763758221732018	1.2989150863725494	1.0967316348692804	0.4635049017702781	-1.0	0.019475932407904323	0	0.0	3.3174456652558413	3.2944235910158266	3.819266738085031	2.838646666666667	0.137557	-0.002602813532575965	0.005611952394247055	307	80	80	40	3.9255826771257554	2.5	2.549999952316284	2.549999952316284	3.0	54.691051034295874	0.00035783103544406676	36.00300598144531	0.00024135336570907384	154943.0	0.0	2.026634287834164	201.64244079589844	2.9847494257032166	1662.515418579765	10781.4833984375	10101.6494140625	55456.0	8043.2257080078125	16679.52880859375	2573.263427734375	232.99668884277344
sub-25_task-main_run-02_bold	0.006583811074918567	0.0033879910912052117	0	14.9437087825817	2.4069944329411763	1.2283124597712425	0.5001889553572433	-1.0	0.019743106862958083	0	0.0	3.391015666460089	3.3505373175553212	3.956353015158279	2.866156666666667	0.125609	-0.010285994037985802	0.024478450417518616	307	80	80	40	3.8997232308405185	2.5	2.549999952316284	2.549999952316284	3.0	34.1084152199973	0.028868193712671655	48.060333251953125	0.019471300765872	145029.0	0.0	2.5522308349609464	234.90545654296875	2.877275638987789	1734.905209322776	10839.517578125	10172.1181640625	63205.0	7985.39130859375	16812.60546874999	2608.39990234375	230.02947998046875
